{"cameraMode":{"drawMode":0,"name":"Shaded","section":"Shading Mode"},"sceneLighting":true,"audioPlay":false,"sceneViewState":{"m_AlwaysRefresh":false,"showFog":true,"showSkybox":true,"showFlares":true,"showImageEffects":true,"showParticleSystems":true,"showVisualEffectGraphs":true,"m_FxEnabled":true},"in2DMode":false,"pivot":{"x":-47.12904357910156,"y":-7.975861549377441,"z":32.136295318603519},"rotation":{"x":-0.18115174770355225,"y":-0.10949226468801499,"z":0.02029901184141636,"w":-0.9771324396133423},"size":24.079151153564454,"orthographic":false}